Frequency_Hz,H_11_Mag,H_11_Phase_deg,H_12_Mag,H_12_Phase_deg,H_13_Mag,H_13_Phase_deg,H_14_Mag,H_14_Phase_deg,H_15_Mag,H_15_Phase_deg,H_16_Mag,H_16_Phase_deg,H_21_Mag,H_21_Phase_deg,H_22_Mag,H_22_Phase_deg,H_23_Mag,H_23_Phase_deg,H_24_Mag,H_24_Phase_deg,H_25_Mag,H_25_Phase_deg,H_26_Mag,H_26_Phase_deg,H_31_Mag,H_31_Phase_deg,H_32_Mag,H_32_Phase_deg,H_33_Mag,H_33_Phase_deg,H_34_Mag,H_34_Phase_deg,H_35_Mag,H_35_Phase_deg,H_36_Mag,H_36_Phase_deg,H_41_Mag,H_41_Phase_deg,H_42_Mag,H_42_Phase_deg,H_43_Mag,H_43_Phase_deg,H_44_Mag,H_44_Phase_deg,H_45_Mag,H_45_Phase_deg,H_46_Mag,H_46_Phase_deg,H_51_Mag,H_51_Phase_deg,H_52_Mag,H_52_Phase_deg,H_53_Mag,H_53_Phase_deg,H_54_Mag,H_54_Phase_deg,H_55_Mag,H_55_Phase_deg,H_56_Mag,H_56_Phase_deg,H_61_Mag,H_61_Phase_deg,H_62_Mag,H_62_Phase_deg,H_63_Mag,H_63_Phase_deg,H_64_Mag,H_64_Phase_deg,H_65_Mag,H_65_Phase_deg,H_66_Mag,H_66_Phase_deg
0.100000,2.3705150000e-01,169.751100,6.3478780000e-03,172.455500,3.2676180000e-02,-9.395000,3.4424020000e-02,165.420100,4.0898420000e-02,166.335500,3.4277620000e-02,-8.650300,3.6450270000e-03,0.691000,2.8151360000e-01,-9.657000,4.2739740000e-02,-11.166100,6.7600760000e-02,169.876800,7.8029190000e-02,170.077600,3.6830740000e-02,-10.608800,3.7587690000e-02,-9.255800,3.2619000000e-02,165.721400,2.1092650000e-01,169.373800,6.0135340000e-03,170.212500,2.6558720000e-02,165.044400,3.4125140000e-02,-9.042600,2.4498440000e-02,-10.180700,7.7640960000e-02,170.578400,5.5334830000e-03,-4.561900,2.3637650000e-01,-10.483300,7.7199180000e-02,169.931200,2.4108860000e-02,-10.053400,4.1522710000e-02,-11.076400,7.5921020000e-02,170.513300,2.3426680000e-02,-9.793300,7.2071290000e-02,169.568200,2.5766190000e-01,-10.277100,4.4181520000e-03,-1.456600,2.4450150000e-02,-8.443300,3.3054860000e-02,167.335100,2.5744010000e-02,-9.503400,2.4511040000e-02,166.679600,2.9553120000e-03,170.602400,1.8450340000e-01,170.615800
0.996678,2.3353380000e-01,169.653300,6.5795630000e-03,171.161100,3.2490930000e-02,-9.367800,3.4284470000e-02,165.277800,4.0645760000e-02,165.427000,3.4096450000e-02,-8.742300,3.8405750000e-03,-0.088800,2.8419210000e-01,-10.224500,4.2454460000e-02,-11.397100,6.7271740000e-02,169.725800,7.7663150000e-02,169.429400,3.6730460000e-02,-11.160500,3.6972670000e-02,-9.180600,3.4254420000e-02,164.964800,2.0973820000e-01,169.245400,6.1146160000e-03,170.020100,2.6392250000e-02,164.076900,3.4013780000e-02,-9.276600,2.4435400000e-02,-10.402000,7.8285970000e-02,169.978500,5.5118210000e-03,-4.365500,2.3545610000e-01,-10.610600,7.6786070000e-02,169.201000,2.3941370000e-02,-10.335700,4.0082830000e-02,-10.874000,7.7139720000e-02,169.937500,2.3266380000e-02,-10.061500,7.1720760000e-02,169.433700,2.5632720000e-01,-10.951300,4.3884880000e-03,-0.679300,2.4304470000e-02,-8.444400,3.2039810000e-02,166.885000,2.5605580000e-02,-9.444800,2.4295580000e-02,166.588200,2.9886830000e-03,168.578300,1.8377440000e-01,170.304700
10.000000,2.3525810000e-01,166.578500,6.0892780000e-03,165.509000,3.3057370000e-02,-10.629200,3.4785660000e-02,159.888900,4.2477750000e-02,159.688800,3.6655980000e-02,-10.719100,4.0739780000e-03,10.926200,2.9217060000e-01,-14.281000,4.3291470000e-02,-15.538900,6.8467970000e-02,165.061500,7.5140930000e-02,165.914900,4.0221820000e-02,-16.137200,3.7552230000e-02,-10.730700,3.3566570000e-02,160.010200,2.1297030000e-01,166.209600,5.6544190000e-03,162.813300,2.4470610000e-02,160.340200,3.6925300000e-02,-11.520100,2.4327610000e-02,-13.637600,8.1867020000e-02,165.624300,5.8818220000e-03,-0.837900,2.3789580000e-01,-14.986100,7.5397750000e-02,165.335900,2.4252130000e-02,-13.739100,4.1102240000e-02,-15.548600,7.7725970000e-02,166.089100,2.3089110000e-02,-12.991300,7.1614780000e-02,165.193500,2.5015310000e-01,-14.495900,5.2312960000e-03,3.511200,2.4527620000e-02,-9.040100,3.8134700000e-02,160.445300,2.6095070000e-02,-10.774000,2.7164270000e-02,160.142200,2.7214100000e-03,157.374100,1.9632740000e-01,166.739500
50.000000,2.2006880000e-01,157.210500,5.3782200000e-03,149.939800,3.3065980000e-02,-17.362800,3.0778930000e-02,146.367000,3.7456810000e-02,144.267200,3.6207580000e-02,-17.697900,6.4154590000e-03,16.282700,2.7089110000e-01,-26.830100,4.0045900000e-02,-29.502400,6.2182080000e-02,152.401500,6.9610800000e-02,153.362000,3.6545470000e-02,-31.966600,3.7112690000e-02,-18.348400,3.0384670000e-02,146.195800,2.0060820000e-01,157.074500,4.8502280000e-03,145.437800,2.2223020000e-02,147.489400,3.6072590000e-02,-19.338000,2.3275790000e-02,-26.923100,7.5412190000e-02,152.695000,7.3541630000e-03,4.349200,2.1735130000e-01,-27.345000,6.9374940000e-02,152.237400,2.3391770000e-02,-26.595500,3.7446550000e-02,-30.396200,7.2193860000e-02,153.641100,2.2215030000e-02,-25.523600,6.5335180000e-02,152.730000,2.3182910000e-01,-27.159200,6.8993710000e-03,10.474300,2.5039070000e-02,-16.041900,3.3505790000e-02,144.557700,2.6232910000e-02,-18.078900,2.3740960000e-02,145.205500,2.0895380000e-03,129.910400,1.8308020000e-01,157.204000
100.000000,2.0169090000e-01,148.941900,5.0586260000e-03,137.133500,3.1437070000e-02,-25.010700,2.6635400000e-02,134.687100,3.1683740000e-02,131.067200,3.4339140000e-02,-24.762600,8.2312970000e-03,6.980500,2.4024780000e-01,-37.782900,3.4627740000e-02,-42.302600,5.4689280000e-02,141.771300,6.1877890000e-02,142.530600,3.1040870000e-02,-45.834200,3.4922720000e-02,-26.301500,2.6589370000e-02,133.598600,1.8346030000e-01,148.808200,4.4059960000e-03,131.994000,1.9769800000e-02,135.770500,3.3640600000e-02,-26.977600,2.0968460000e-02,-40.273500,6.6438850000e-02,141.624100,8.6845890000e-03,-1.593600,1.9204650000e-01,-37.877400,6.0983950000e-02,141.035600,2.1167260000e-02,-39.416500,3.2133660000e-02,-43.559000,6.4216380000e-02,142.760300,2.0132440000e-02,-38.013000,5.7624760000e-02,142.149500,2.0542390000e-01,-38.146200,8.6238630000e-03,4.244500,2.3882700000e-02,-23.984300,2.8342920000e-02,131.124700,2.4613180000e-02,-26.279500,2.0365820000e-02,132.445200,1.9672600000e-03,114.275400,1.6682470000e-01,149.278100
200.000000,1.7179760000e-01,136.981800,4.7652780000e-03,115.168700,2.7772760000e-02,-35.799900,2.0660510000e-02,117.598200,2.3722660000e-02,112.438100,3.0291420000e-02,-35.317600,9.4137110000e-03,-11.250900,1.9398770000e-01,-52.159700,2.6431070000e-02,-58.905800,4.3362630000e-02,127.924600,5.0075480000e-02,128.341500,2.2994050000e-02,-64.465300,3.0547630000e-02,-37.703400,2.0730100000e-02,115.166200,1.5518100000e-01,137.399500,3.9436700000e-03,109.900900,1.5885670000e-02,117.693100,2.8908060000e-02,-37.751100,1.6726880000e-02,-59.014700,5.3130650000e-02,127.234300,9.4312340000e-03,-15.451900,1.5356900000e-01,-51.742400,4.8550180000e-02,126.633500,1.6904380000e-02,-57.515600,2.4243450000e-02,-60.925500,5.2064980000e-02,128.502000,1.6254960000e-02,-55.296700,4.5927170000e-02,128.414800,1.6551110000e-01,-52.578200,9.7132590000e-03,-11.180300,2.1265020000e-02,-35.227800,2.1305980000e-02,112.074400,2.1303350000e-02,-37.153200,1.5586630000e-02,113.472000,2.1466650000e-03,86.289300,1.4084860000e-01,137.909600
300.000000,1.4989660000e-01,128.015100,4.5344540000e-03,96.326500,2.4741940000e-02,-43.318300,1.6643990000e-02,104.822100,1.8631040000e-02,98.483600,2.6863280000e-02,-42.419200,9.3462790000e-03,-24.692600,1.6350140000e-01,-62.322900,2.1297820000e-02,-70.052400,3.5814990000e-02,118.739400,4.1881030000e-02,118.369700,1.8030380000e-02,-76.742200,2.7062800000e-02,-46.143000,1.6833780000e-02,101.292200,1.3487790000e-01,129.418300,3.6312020000e-03,92.063900,1.3044690000e-02,103.534500,2.5238750000e-02,-44.713000,1.3743260000e-02,-72.454100,4.4498410000e-02,117.205900,9.2509490000e-03,-25.877900,1.2765240000e-01,-61.165700,4.0234300000e-02,116.629400,1.3844700000e-02,-69.609000,1.9349560000e-02,-72.938300,4.3966880000e-02,118.469700,1.3486300000e-02,-67.247900,3.8081370000e-02,119.285000,1.3811210000e-01,-62.814000,9.5831830000e-03,-22.280000,1.9066720000e-02,-43.638400,1.6965980000e-02,97.823000,1.8749170000e-02,-44.432600,1.2460370000e-02,99.161500,2.3164310000e-03,64.918900,1.2187170000e-01,130.278000
400.000000,1.3350590000e-01,120.587300,4.3799380000e-03,79.896900,2.2386270000e-02,-49.281500,1.3895710000e-02,94.036600,1.5362470000e-02,86.597600,2.4237880000e-02,-48.104400,8.9710000000e-03,-35.044900,1.4189710000e-01,-70.930500,1.7906600000e-02,-78.895500,3.0648550000e-02,111.401400,3.6405430000e-02,109.944500,1.4873640000e-02,-86.581500,2.4333770000e-02,-53.026100,1.4130470000e-02,89.298900,1.2015880000e-01,122.963600,3.4400300000e-03,76.744500,1.1121780000e-02,91.079400,2.2545660000e-02,-50.140800,1.1671990000e-02,-83.316900,3.8450810000e-02,108.778800,8.8817360000e-03,-34.096800,1.0972990000e-01,-68.814100,3.4748730000e-02,108.240000,1.1764180000e-02,-79.376500,1.6117280000e-02,-82.423600,3.8204330000e-02,110.009700,1.1549160000e-02,-76.849300,3.2710570000e-02,111.967800,1.1988720000e-01,-71.496000,9.1927890000e-03,-30.810500,1.7296140000e-02,-50.555600,1.4052260000e-02,85.588200,1.6850360000e-02,-50.113400,1.0364510000e-02,87.130300,2.4631390000e-03,48.062200,1.0817870000e-01,124.091600
500.000000,1.2060010000e-01,114.152800,4.2493460000e-03,65.577200,2.0535390000e-02,-54.265200,1.1848620000e-02,84.739400,1.2899690000e-02,75.909500,2.2115370000e-02,-52.927700,8.5280630000e-03,-43.473400,1.2543260000e-01,-78.513300,1.5506990000e-02,-86.468400,2.6793410000e-02,105.359100,3.1988200000e-02,102.422500,1.2667950000e-02,-95.077800,2.2138480000e-02,-58.878200,1.2128570000e-02,78.639600,1.0899160000e-01,117.424200,3.3087480000e-03,63.786200,9.5816260000e-03,79.781900,2.0443510000e-02,-54.735700,1.0169220000e-02,-92.761800,3.3874080000e-02,101.378500,8.4899800000e-03,-40.890200,9.6221990000e-02,-75.193200,3.0410010000e-02,100.741500,1.0260430000e-02,-87.868600,1.3817990000e-02,-90.564800,3.3785400000e-02,102.580500,1.0138800000e-02,-85.080400,2.8678020000e-02,105.938300,1.0520640000e-01,-79.260400,8.7561310000e-03,-37.740100,1.5842460000e-02,-56.410000,1.1952320000e-02,74.757300,1.5401660000e-02,-54.844500,8.8500460000e-03,76.580700,2.5540830000e-03,34.321600,9.7546340000e-02,118.717100
600.000000,1.1024260000e-01,108.198900,4.1451530000e-03,52.912000,1.9037290000e-02,-58.589900,1.0253950000e-02,77.416300,1.1028390000e-02,67.040200,2.0284380000e-02,-56.775200,8.0938750000e-03,-50.893700,1.1199230000e-01,-85.487900,1.3700500000e-02,-93.217800,2.3871020000e-02,99.802400,2.8431210000e-02,96.508000,1.0985390000e-02,-102.363600,2.0374430000e-02,-64.194000,1.0550360000e-02,68.840700,1.0004300000e-01,112.518400,3.2661120000e-03,52.143900,8.3618550000e-03,70.330200,1.8674710000e-02,-58.416900,9.0235230000e-03,-101.495100,3.0155290000e-02,94.594500,8.1177800000e-03,-46.703100,8.5931620000e-02,-81.035600,2.6955390000e-02,94.822500,9.0847890000e-03,-95.164700,1.2118010000e-02,-98.048100,3.0178340000e-02,95.775600,9.0455030000e-03,-92.459600,2.5610270000e-02,100.364500,9.3447320000e-02,-85.445000,8.2907100000e-03,-43.309000,1.4639500000e-02,-61.731600,1.0335040000e-02,64.766600,1.4230040000e-02,-58.925700,7.7643000000e-03,66.669900,2.6079270000e-03,23.630300,8.8604590000e-02,114.286300
700.000000,1.0084710000e-01,102.682900,4.0607130000e-03,41.715800,1.7923440000e-02,-62.151200,9.0782770000e-03,70.427100,9.5586650000e-03,57.444000,1.9153570000e-02,-59.867000,7.6372950000e-03,-57.504800,1.0118810000e-01,-91.974500,1.2373790000e-02,-99.035800,2.1538520000e-02,95.442400,2.5519410000e-02,89.650200,9.9116690000e-03,-108.769700,1.8739830000e-02,-69.067300,9.3309150000e-03,59.635800,9.3485080000e-02,108.421000,3.2220290000e-03,42.761200,7.3844910000e-03,60.126400,1.7580580000e-02,-61.365400,8.0652610000e-03,-109.611000,2.7173670000e-02,88.308500,7.8558310000e-03,-51.615200,7.7707760000e-02,-85.743700,2.4126700000e-02,87.948700,8.3250970000e-03,-101.605600,1.0697540000e-02,-104.932200,2.7264640000e-02,89.459000,8.2581940000e-03,-98.803200,2.3159930000e-02,95.960000,8.3798040000e-02,-92.575600,8.0354020000e-03,-47.895800,1.3505520000e-02,-66.584900,9.0921110000e-03,55.518800,1.3392460000e-02,-62.268400,6.9024420000e-03,58.303600,2.6463630000e-03,13.149800,8.2999990000e-02,110.592500
800.000000,9.3333700000e-02,97.306200,3.9585920000e-03,31.531400,1.6962520000e-02,-65.994400,8.0989360000e-03,63.264600,8.3261910000e-03,50.110900,1.7849870000e-02,-63.345600,7.2546710000e-03,-63.745400,9.1305110000e-02,-98.066200,1.1304660000e-02,-105.144500,1.9501310000e-02,90.696600,2.2892160000e-02,84.945200,8.8767470000e-03,-115.359100,1.7446130000e-02,-73.784200,8.2637040000e-03,51.011700,8.7879020000e-02,103.884800,3.1569170000e-03,33.852200,6.5366900000e-03,52.242700,1.6343250000e-02,-64.701900,7.3205710000e-03,-117.471300,2.4460080000e-02,82.416800,7.5746970000e-03,-56.647900,7.0514920000e-02,-90.825200,2.1609400000e-02,83.191300,7.5664030000e-03,-108.301700,9.6172180000e-03,-111.596700,2.4607220000e-02,83.544800,7.6013190000e-03,-105.511600,2.1021400000e-02,91.214200,7.5141620000e-02,-97.554800,7.6399830000e-03,-52.693400,1.2606980000e-02,-71.240000,8.0356700000e-03,46.795900,1.2660580000e-02,-65.952100,6.1898400000e-03,49.819300,2.6516230000e-03,5.578300,7.6709940000e-02,106.520900
900.000000,8.6330140000e-02,93.208200,3.8366830000e-03,22.154200,1.6154000000e-02,-70.451900,7.3553840000e-03,56.126400,7.3988300000e-03,41.441400,1.6913130000e-02,-66.635900,6.8625360000e-03,-68.515500,8.2796290000e-02,-104.150100,1.0433430000e-02,-111.672400,1.7965060000e-02,85.915700,2.0876030000e-02,78.710300,8.1422390000e-03,-121.639300,1.6224590000e-02,-77.197400,7.3802020000e-03,42.500000,8.3170320000e-02,98.846200,3.1401720000e-03,25.482800,5.9031840000e-03,43.010100,1.5456260000e-02,-67.909700,6.6749520000e-03,-123.932000,2.2131380000e-02,76.517000,7.3346040000e-03,-62.177200,6.5076090000e-02,-95.958200,1.9671750000e-02,76.917600,7.0203380000e-03,-114.664300,8.6763910000e-03,-116.917700,2.2309810000e-02,77.651700,7.0648180000e-03,-112.475600,1.9406560000e-02,86.378500,6.8490040000e-02,-104.070800,7.3665620000e-03,-57.186100,1.1751330000e-02,-74.584100,7.1636470000e-03,38.199500,1.2046060000e-02,-70.232500,5.6742730000e-03,41.532600,2.6630610000e-03,-2.890100,7.2159810000e-02,102.620700
1000.000000,8.0433250000e-02,86.872000,3.7643750000e-03,13.830200,1.5521880000e-02,-73.137700,6.6964260000e-03,50.844200,6.5395170000e-03,34.184300,1.6061380000e-02,-69.563300,6.5218160000e-03,-75.459600,7.5684170000e-02,-109.556100,9.7445680000e-03,-116.386900,1.6533880000e-02,82.925100,1.8873780000e-02,73.837800,7.5183130000e-03,-127.388100,1.5194820000e-02,-82.831800,6.6557910000e-03,34.811600,7.9487990000e-02,95.535100,3.1023270000e-03,19.573700,5.2950390000e-03,35.249200,1.4660110000e-02,-70.739400,6.1459670000e-03,-132.533600,2.0189140000e-02,71.328400,7.1581810000e-03,-65.908300,5.9991350000e-02,-99.292500,1.7772400000e-02,71.995700,6.5446390000e-03,-120.573800,7.9229440000e-03,-124.492000,2.0387660000e-02,72.441300,6.6431590000e-03,-117.676600,1.7893360000e-02,83.348100,6.1910530000e-02,-109.232000,7.0923540000e-03,-61.209100,1.1026090000e-02,-80.184000,6.4671800000e-03,30.511600,1.1572450000e-02,-72.797200,5.2006100000e-03,35.230800,2.6271640000e-03,-9.742900,6.8039440000e-02,99.106100
1200.000000,6.4848860000e-02,80.373800,3.6195990000e-03,-0.825900,1.4526500000e-02,-80.205800,5.6521110000e-03,38.933700,5.3097900000e-03,21.904500,1.4844680000e-02,-74.798000,5.5811470000e-03,-83.511700,6.3660120000e-02,-119.608300,8.6916320000e-03,-127.206100,1.4195870000e-02,75.333200,1.5866650000e-02,65.918700,6.5818860000e-03,-137.952300,1.2616020000e-02,-87.733600,5.5012350000e-03,20.464600,7.3669700000e-02,87.303800,3.0320190000e-03,7.006700,4.4189820000e-03,21.939700,1.3493210000e-02,-75.808800,5.0859500000e-03,-142.809900,1.6920400000e-02,61.704500,6.8543800000e-03,-74.778100,5.1627650000e-02,-107.574400,1.4892080000e-02,63.948000,5.9078500000e-03,-130.840100,6.0228110000e-03,-134.994300,1.7134360000e-02,62.819000,5.9978640000e-03,-129.356000,1.5411260000e-02,75.655100,5.2014540000e-02,-117.751400,6.7362600000e-03,-68.385200,9.3579630000e-03,-85.134600,5.3513160000e-03,16.144900,1.0817780000e-02,-79.602700,4.4718430000e-03,21.658500,2.5770510000e-03,-20.495000,6.1943090000e-02,92.776900
1400.000000,5.7338720000e-02,72.283800,3.5292970000e-03,-14.206300,1.3676780000e-02,-87.149500,4.9934370000e-03,26.517200,4.3907680000e-03,8.464000,1.3924180000e-02,-78.893700,5.0059970000e-03,-92.443800,5.4102320000e-02,-129.523300,7.8712990000e-03,-137.652100,1.2662930000e-02,66.907700,1.3438870000e-02,56.378900,5.9885340000e-03,-146.773800,1.1227070000e-02,-94.394500,4.6196890000e-03,6.634200,6.8711460000e-02,79.235200,3.0321080000e-03,-5.129300,3.7519940000e-03,7.533600,1.2638800000e-02,-79.797500,4.4599250000e-03,-154.843900,1.4332300000e-02,52.260100,6.5693990000e-03,-83.304200,4.6176590000e-02,-116.700100,1.2581540000e-02,54.299800,5.4323980000e-03,-139.934500,5.1841430000e-03,-144.793700,1.4548080000e-02,53.366300,5.4912080000e-03,-140.505200,1.3792560000e-02,67.115300,4.4049660000e-02,-127.881800,6.4258720000e-03,-74.080000,8.5976610000e-03,-91.571300,4.5146750000e-03,2.439000,1.0171510000e-02,-86.286700,4.0391470000e-03,7.907400,2.4926720000e-03,-32.221900,5.7440230000e-02,87.643200
1600.000000,5.0481900000e-02,64.539600,3.3991790000e-03,-25.607000,1.2817810000e-02,-96.853500,4.5046370000e-03,16.901200,3.8770550000e-03,-2.611900,1.3219690000e-02,-84.982300,4.5790660000e-03,-100.508300,4.6545760000e-02,-138.454900,7.1660110000e-03,-150.537500,1.1462170000e-02,61.035400,1.2032130000e-02,48.929300,5.5700730000e-03,-156.933200,1.0089450000e-02,-100.755400,3.9638730000e-03,-5.787700,6.3873290000e-02,68.492500,3.0430620000e-03,-13.942300,3.3924730000e-03,-4.288600,1.1982320000e-02,-85.567700,3.9435810000e-03,-165.912300,1.2286600000e-02,43.793000,6.2483830000e-03,-94.321300,4.1897760000e-02,-123.262800,1.1236880000e-02,46.743200,5.0841340000e-03,-150.415900,4.5218700000e-03,-155.563400,1.2499100000e-02,44.915400,5.0382880000e-03,-154.041100,1.2515880000e-02,61.098900,3.9450240000e-02,-135.933500,6.1885750000e-03,-81.379800,7.5590490000e-03,-97.807900,3.8987140000e-03,-9.963200,9.5224220000e-03,-95.784600,3.7198570000e-03,-2.587200,2.5036190000e-03,-41.146700,5.4005910000e-02,80.782800
1800.000000,4.5299660000e-02,56.932600,3.2469620000e-03,-35.718500,1.2301930000e-02,-101.722400,4.0259550000e-03,7.081400,3.2690500000e-03,-13.166700,1.2558310000e-02,-90.446200,4.1511820000e-03,-108.688700,4.0141880000e-02,-146.657600,6.6911140000e-03,-158.567100,1.0244450000e-02,54.708000,1.0173610000e-02,41.603500,5.2229780000e-03,-166.423700,9.1052360000e-03,-106.947300,3.4243340000e-03,-17.025900,6.0774580000e-02,62.493700,2.9829530000e-03,-22.687200,2.9107750000e-03,-15.472300,1.1353610000e-02,-91.167800,3.5537210000e-03,-176.610200,1.0557380000e-02,36.086300,6.0624100000e-03,-100.623100,3.7536010000e-02,-130.268700,9.4854240000e-03,39.274600,4.7848660000e-03,-160.287300,4.0064480000e-03,-164.856000,1.0758370000e-02,37.226600,4.7612000000e-03,-162.562000,1.1217130000e-02,54.638700,3.3376260000e-02,-143.871800,5.9394740000e-03,-88.308300,7.0397630000e-03,-103.840100,3.3967350000e-03,-21.188500,9.1382160000e-03,-100.401600,3.3994940000e-03,-13.014000,2.3505130000e-03,-49.702400,5.0807150000e-02,74.283300
2000.000000,4.3855110000e-02,48.965700,3.1574090000e-03,-45.318800,1.1715380000e-02,-108.928300,3.7665120000e-03,-3.696100,2.9016290000e-03,-22.681800,1.2149430000e-02,-95.572100,4.0611620000e-03,-116.443300,3.5511200000e-02,-154.927900,6.2432390000e-03,-168.716900,9.5351260000e-03,47.134900,9.0130560000e-03,34.951700,5.0277680000e-03,-174.922300,8.7691730000e-03,-114.028600,3.0530400000e-03,-28.087700,5.7391480000e-02,54.232000,3.0196480000e-03,-32.198800,2.6277020000e-03,-25.607900,1.0993010000e-02,-95.995800,3.3193300000e-03,171.924600,9.3039170000e-03,28.322200,5.8267260000e-03,-109.075900,3.5031200000e-02,-138.492700,8.3841970000e-03,32.523300,4.6164290000e-03,-168.927900,3.9525010000e-03,-173.217200,9.4928320000e-03,29.468500,4.4857000000e-03,-173.130800,1.0462890000e-02,46.986100,2.9583370000e-02,-151.126500,5.8069680000e-03,-94.459300,6.4965720000e-03,-110.427600,3.0510270000e-03,-32.063300,8.7079430000e-03,-107.371400,3.2422760000e-03,-24.125800,2.2843360000e-03,-57.210300,4.8869400000e-02,68.437800
